{"cameraMode":{"drawMode":0,"name":"Shaded","section":"Shading Mode"},"sceneLighting":true,"audioPlay":false,"sceneViewState":{"m_AlwaysRefresh":false,"showFog":true,"showSkybox":true,"showFlares":true,"showImageEffects":true,"showParticleSystems":true,"showVisualEffectGraphs":true,"m_FxEnabled":true},"in2DMode":false,"pivot":{"x":0.5545217990875244,"y":0.44907552003860476,"z":0.18725061416625977},"rotation":{"x":0.062679722905159,"y":0.9299497008323669,"z":-0.3095278739929199,"w":0.188318133354187},"size":2.7981317043304445,"orthographic":false}